video_id,title,url,source,enabled
-i67erljNYI,An Approach to Chest Pain,https://www.youtube.com/watch?v=-i67erljNYI,Strong Medicine,false
LDMEtNXik-A,An Approach to Cough,https://www.youtube.com/watch?v=LDMEtNXik-A,Strong Medicine,true
lcdtw93A3Zs,An Approach to Headache,https://www.youtube.com/watch?v=lcdtw93A3Zs,Strong Medicine,true

xNJ8ALMjZ7A,An Approach to Acute Dyspnea,https://www.youtube.com/watch?v=xNJ8ALMjZ7A,Strong Medicine,true
mYecvkIBsoA,An Approach to Hemoptysis,https://www.youtube.com/watch?v=mYecvkIBsoA,Strong Medicine,true
_PDOXlVGeuY,An Approach to Acute Abdominal Pain,https://www.youtube.com/watch?v=_PDOXlVGeuY,Strong Medicine,true
qfVHJQu-dfw,An Approach to Chronic Abdominal Pain,https://www.youtube.com/watch?v=qfVHJQu-dfw,Strong Medicine,true

zKAmsPHUZ78,How to treat dandruff,https://www.youtube.com/watch?v=zKAmsPHUZ78,American Academy of Dermatology,true
ZB3xl6ULVnQ,Rash 101 in adults - When to seek medical treatment,https://www.youtube.com/watch?v=ZB3xl6ULVnQ,American Academy of Dermatology,true
_avTf7IoHCU,Infectious Diseases - Common cold or the flu?,https://www.youtube.com/watch?v=_avTf7IoHCU,Mayo Clinic,true
MIkO7oZZrtM,Fever in children - Dr Ranj Singh,https://www.youtube.com/watch?v=MIkO7oZZrtM,NHS,true